Code,State,Title,sourceURL,btaaURL,Bounding Box,Subject,City,County
02b-17001,Illinois,"Adams County, Illinois GIS",https://www.adamscountygis.com,https://geo.btaa.org/?q=02b-17001,"-91.51308,39.75684,-90.91197,40.20049",County government records,,Adams County
06b-26005,Michigan,Allegan County GIS Data Library,https://www.allegancounty.org/online-services/gis-data-library/county,https://geo.btaa.org/?q=06b-26005,"-86.2744,42.4189,-85.5431,42.7689",County government records,,Allegan County
08b-42003,Pennsylvania,Allegheny County GIS Open Data,https://openac-alcogis.opendata.arcgis.com,https://geo.btaa.org/?q=08b-42003,"-80.36087,40.19434,-79.68876,40.67494",County government records,,Allegheny County
11b-39003,Ohio,Allen County GIS Data Download Page,http://gis.allencountyohio.com/GIS/downloads.html,https://geo.btaa.org/?q=11b-39003,"-84.39738,40.64307,-83.87983,40.92043",County government records,,Allen County
04b-24003,Maryland,Anne Arundel County GIS Data,https://maps.aacounty.org/,https://geo.btaa.org/?q=04b-24003,"-76.84036,38.71268,-76.3942,39.2374",County government records,,Anne Arundel County
05b-27003,Minnesota,Anoka County GIS Data Downloads,https://www.anokacounty.us/1990/Data-Downloads,https://geo.btaa.org/?q=05b-27003,"-93.51265,45.03537,-93.01841,45.4148",County government records,,Anoka County
11b-39007,Ohio,"ArcGIS REST Services Directory for Ashtabula County, Ohio",https://parcelmap.ashtabulacounty.us/arcgis/rest/services,https://geo.btaa.org/?q=11b-39007,"-81.00476,41.49933,-80.51916,41.98466",County government records,,Ashtabula County
11b-39017,Ohio,"ArcGIS REST Services Directory for Butler County Auditor, Ohio",https://maps.butlercountyauditor.org/arcgis/rest/services,https://geo.btaa.org/?q=11b-39017,"-84.81945,39.29228,-84.33204,39.59102",County government records,,Butler County
11b-39069,Ohio,"ArcGIS REST Services Directory for Henry County, Ohio",https://services.arcgis.com/osmyvTbXDC07yFxn/ArcGIS/rest/services,https://geo.btaa.org/?q=11b-39069,"-84.34193,41.16586,-83.88113,41.48758",County government records,,Henry County
11b-39095,Ohio,"ArcGIS REST Services Directory for Lucas County, Ohio",https://lcapps.co.lucas.oh.us/arcgis/rest/services,https://geo.btaa.org/?q=11b-39095,"-83.88323,41.41414,-83.16099,41.73253",County government records,,Lucas County
11b-39101,Ohio,"ArcGIS REST Services Directory for Marion County, Ohio",http://mcoiis.co.marion.oh.us/arcgis/rest/services,https://geo.btaa.org/?q=11b-39101,"-83.42028,40.4338,-82.8583,40.70502",County government records,,Marion County
11b-39173,Ohio,"ArcGIS REST Services Directory for Wood County, Ohio",http://engineer.co.wood.oh.us/arcgis/rest/services,https://geo.btaa.org/?q=11b-39173,"-83.88368,41.16575,-83.41458,41.61894",County government records,,Wood County
10b-55003,Wisconsin,"Ashland County, WI GIS Open Data Portal",https://data-ashlandcountywi.opendata.arcgis.com,https://geo.btaa.org/?q=10b-55003,"-90.9283,45.9805,-89.9571,47.3098",County government records,,Ashland County
11b-39009,Ohio,Athens County GIS Data,https://data-athgis.opendata.arcgis.com,https://geo.btaa.org/?q=11b-39009,"-82.29848,39.18056,-81.72181,39.55657",County government records,,Athens County
11b-39107,Ohio,"Auditor's Office Downloads for Mercer County, Ohio",https://www.mercercountyohio.org/elected-officials/auditor/downloads,https://geo.btaa.org/?q=11b-39107,"-84.80423,40.35172,-84.43163,40.72831",County government records,,Mercer County
11b-39011,Ohio,"Auglaize County, Ohio GIS Open Data Downloads",http://augcogis.maps.arcgis.com/apps/PublicGallery/index.html?appid=8c6858fbb82042a6b72aa3b059433cdb,https://geo.btaa.org/?q=11b-39011,"-84.45623,40.35453,-83.87993,40.68608",County government records,,Auglaize County
04b-24005,Maryland,Baltimore County Open Data Portal,https://data-bc-gis.opendata.arcgis.com,https://geo.btaa.org/?q=04b-24005,"-76.8956,39.19496,-76.33263,39.7213",County government records,,Baltimore County
10b-55007,Wisconsin,Bayfield County GIS Download,https://www.bayfieldcounty.wi.gov/892/GIS-Data-Download,https://geo.btaa.org/?q=10b-55007,"-91.55389,46.15460,-90.76158,47.01271",County government records,,Bayfield County
05b-27005,Minnesota,Becker County GIS Data Downloads,https://www.co.becker.mn.us/online_services/GIS_data.aspx,https://geo.btaa.org/?q=05b-27005,"-96.1947,46.71541,-95.16208,47.15252",County government records,,Becker County
05b-27007,Minnesota,Beltrami County Open GIS Data,https://bemidji-beltramicounty.opendata.arcgis.com/,https://geo.btaa.org/?q=05b-27007,"-95.60286,47.40961,-94.41427,48.54044",County government records,,Beltrami County
05b-27009,Minnesota,Benton County GIS Data Downloads,https://www.co.benton.mn.us/274/GIS-Mapping,https://geo.btaa.org/?q=05b-27009,"-94.35316,45.55907,-93.75943,45.82425",County government records,,Benton County
05b-27011,Minnesota,Big Stone County Open Data,https://data-bigstonecounty.opendata.arcgis.com,https://geo.btaa.org/?q=05b-27011,"-96.83545,45.17668,-96.10361,45.58622",County government records,,Big Stone County
10b-55009,Wisconsin,Brown County GIS Download,https://www.co.brown.wi.us/departments/?department=85713eda4cdc,https://geo.btaa.org/?q=10b-55009,"-88.25256,44.24038,-87.76016,44.67981",County government records,,Brown County
10b-55011,Wisconsin,Buffalo County GIS Download,https://www.buffalocounty.com/377/Geospatial-Data-Access,https://geo.btaa.org/?q=10b-55011,"-92.08405,44.02532,-91.52874,44.59683",County government records,,Buffalo County
10b-55015,Wisconsin,Calumet County GIS Download,https://www.calumetmaps.com/data.html,https://geo.btaa.org/?q=10b-55015,"-88.40461,43.89151,-88.04170,44.24410",County government records,,Calumet County
04b-24009-2,Maryland,"Calvert County GIS, Historic Maps, Topos",http://www.co.cal.md.us/index.aspx?NID=1534,https://geo.btaa.org/?q=04b-24009-2,"-76.702007,38.305738,-76.32172,38.769298",County government records,,Calvert County
04b-24009,Maryland,Calvert County Open GIS Data Portal,https://calvert-county-open-data-calvertgis.hub.arcgis.com,https://geo.btaa.org/?q=04b-24009,"-76.70196,38.32171,-76.3819,38.76928",County government records,,Calvert County
05b-27017,Minnesota,Carlton County Open Data,https://data-carltoncounty.opendata.arcgis.com,https://geo.btaa.org/?q=05b-27017,"-93.06487,46.41722,-92.29158,46.76924",County government records,,Carlton County
04b-24013,Maryland,Carroll County GIS Open Data,https://data-carrollco-md.opendata.arcgis.com,https://geo.btaa.org/?q=04b-24013,"-77.31156,39.34846,-76.7871,39.7208",County government records,,Carroll County
05b-27019,Minnesota,Carver County GIS Data,http://data-carver.opendata.arcgis.com,https://geo.btaa.org/?q=05b-27019,"-94.0125,44.63456,-93.52043,44.97871",County government records,,Carver County
03b-19029,Iowa,Cass County GIS Downloadable Files,https://www.casscountyia.gov/county-departments/gis-coordinator/,https://geo.btaa.org/?q=03b-19029,"-95.15585,41.1579,-94.70007,41.50524",County government records,,Cass County
08b-42027,Pennsylvania,Centre County Open Data,http://gisdata-centrecountygov.opendata.arcgis.com,https://geo.btaa.org/?q=08b-42027,"-78.37699,40.69156,-77.1438,41.25275",County government records,,Centre County
08b-42029,Pennsylvania,Chester County GIS Data,https://data1-chesco.opendata.arcgis.com,https://geo.btaa.org/?q=08b-42029,"-76.13667,39.72115,-75.36104,40.24513",County government records,,Chester County
05b-27023,Minnesota,Chippewa County Open GIS Data,https://data-chippewa.opendata.arcgis.com/,https://geo.btaa.org/?q=05b-27023,"-96.03699,44.75067,-95.24649,45.15273",County government records,,Chippewa County
05b-27025,Minnesota,Chisago County GIS Data Downloads,https://chisagocounty.us/427/Geographic-Information-Systems-GIS,https://geo.btaa.org/?q=05b-27025,"-93.14201,45.29604,-92.6465,45.731",County government records,,Chisago County
05b-27027,Minnesota,Clay County Open Data,https://data-claycountymn.opendata.arcgis.com,https://geo.btaa.org/?q=05b-27027,"-96.84012,46.62865,-96.17227,47.15144",County government records,,Clay County
05b-27029,Minnesota,Clearwater County GIS Data Downloads,https://www.co.clearwater.mn.us/index.asp?Type=B_LIST&SEC=%7BC3EA334C-2D16-4252-B563-7908C6E147D2%7D,https://geo.btaa.org/?q=05b-27029,"-95.58289,47.15109,-95.16909,48.02066",County government records,,Clearwater County
11b-39027,Ohio,"Clinton County, Ohio, Geographic Information Systems",http://www.clintoncountyohgis.org/index.htm,https://geo.btaa.org/?q=11b-39027,"-84.00678,39.22285,-83.57629,39.56917",County government records,,Clinton County
12b-17031,Illinois,Cook Central,https://hub-cookcountyil.opendata.arcgis.com,https://geo.btaa.org/?q=12b-17031,"-88.263,41.4697,-87.5233,42.1545",County government records,,Cook County
12b-17031-2,Illinois,Cook County Open Data,https://datacatalog.cookcountyil.gov,https://geo.btaa.org/?q=12b-17031-2,"-88.26351,41.46952,-87.52405,42.15429",County government records,,Cook County
05b-27031,Minnesota,Cook County Open GIS Data,https://open-data-portal-cookcountymn.hub.arcgis.com/,https://geo.btaa.org/?q=05b-27031,"-91.03248,47.48519,-89.58195,48.24578",County government records,,Cook County
08b-42039,Pennsylvania,Crawford County Open Data,https://share-open-data-crawfordcountypa.opendata.arcgis.com,https://geo.btaa.org/?q=08b-42039,"-80.51944,41.4804,-79.61207,41.85152",County government records,,Crawford County
05b-27035,Minnesota,Crow Wing County Open GIS Data,https://www.crowwing.us/85/Interactive-Maps,https://geo.btaa.org/?q=05b-27035,"-94.39572,46.15592,-93.77602,46.80553",County government records,,Crow Wing County
11b-39035,Ohio,Cuyahoga County Open Data,https://data-cuyahoga.opendata.arcgis.com,https://geo.btaa.org/?q=11b-39035,"-81.97126,41.27504,-81.37477,41.63964",County government records,,Cuyahoga County
03b-19049,Iowa,Dallas County Data Download,https://www.dallascountyiowa.gov/government/business-and-planning/gis/data-download,https://geo.btaa.org/?q=03b-19049,"-94.28079,41.50309,-93.79046,41.86373",County government records,,Dallas County
04f-02,Maryland,Data Downloads - Montgomery Planning,https://montgomeryplanning.org/tools/gis-and-mapping/data-downloads/,https://geo.btaa.org/?q=04f-02,"-77.52768,38.93434,-76.8885,39.3535",County government records,,Montgomery County
11b-39031,Ohio,"Data Downloads for Coshocton County, Ohio",http://www.coshoctoncounty.net/taxmap/gis-downloads,https://geo.btaa.org/?q=11b-39031,"-82.19591,40.15098,-81.61603,40.45628",County government records,,Coshocton County
11b-39123,Ohio,"Data Downloads for Ottawa County, Ohio",https://drive.google.com/drive/folders/0B4hTJB05icP8cjNJZnFIVEVJbmM,https://geo.btaa.org/?q=11b-39123,"-83.41592,41.45717,-82.69836,41.62771",County government records,,Ottawa County
11b-39057,Ohio,"Data for Greene County, Ohio",https://www.greenecountyohio.gov/DocumentCenter,https://geo.btaa.org/?q=11b-39057,"-84.11419,39.55025,-83.64661,39.85046",County government records,,Greene County
11b-39013,Ohio,"Data/Downloads for Belmont County, Ohio",http://www.belcogis.com/DataDownloads.htm,https://geo.btaa.org/?q=11b-39013,"-81.23732,39.84998,-80.70275,40.17269",County government records,,Belmont County
08b-42043,Pennsylvania,Dauphin County GIS Data Portal,https://data-dauphinco.opendata.arcgis.com,https://geo.btaa.org/?q=08b-42043,"-77.02934,40.12007,-76.53541,40.6596",County government records,,Dauphin County
11b-39039,Ohio,Defiance County GIS,https://www.defiance-county.com/engineer/GIS.htm,https://geo.btaa.org/?q=11b-39039,"-84.80406,41.16543,-84.22735,41.42782",County government records,,Defiance County
11b-39041,Ohio,Delaware County GIS,https://gisdata-delco.hub.arcgis.com/,https://geo.btaa.org/?q=11b-39041,"-83.24963,40.12586,-82.74493,40.44399",County government records,,Delaware County
10b-55059,Wisconsin,"Digital Mapping Data of Kenosha County, WI",https://www.kenoshacounty.org/1035/Digital-Mapping-Data,https://geo.btaa.org/?q=10b-55059,"-87.997,42.5389,-87.8074,42.6394",County government records,,Kenosha County
10b-55025,Wisconsin,"Discover Dane County, WI",https://gis-countyofdane.opendata.arcgis.com,https://geo.btaa.org/?q=10b-55025,"-89.5667,42.9981,-89.2465,43.1721",County government records,,Dane County
10b-55031,Wisconsin,Douglas County GIS Download,https://www.ci.superior.wi.us/474/Geospatial-Data-GIS,https://geo.btaa.org/?q=10b-55031,"-92.29370,46.15693,-91.55079,46.76621",County government records,,Douglas County
05b-27041,Minnesota,Douglas County Public Works Open Data,https://data-dcpw.opendata.arcgis.com/datasets/parcels,https://geo.btaa.org/?q=05b-27041,"-95.76986,45.75873,-95.13863,46.10818",County government records,,Douglas County
11b-39025,Ohio,"Download GIS Data for Clermont County, Ohio",http://gis.clermontcountyohio.gov/download-gis-data,https://geo.btaa.org/?q=11b-39025,"-84.32004,38.77041,-83.99312,39.2708",County government records,,Clermont County
11b-39083,Ohio,"Downloadable Files from Knox County, Ohio",https://co.knox.oh.us/tax-map-and-gis/archive-and-downloads/,https://geo.btaa.org/?q=11b-39083,"-82.75075,40.23907,-82.17907,40.57311",County government records,,Knox County
11b-39073,Ohio,"Downloadable Maps and Data for Hocking County, Ohio",https://hocking.oh.gov/publicmaps/index.php,https://geo.btaa.org/?q=11b-39073,"-82.74859,39.36157,-82.15916,39.6617",County government records,,Hocking County
11b-39033,Ohio,"Downloads for Crawford County, Ohio",https://beacon.schneidercorp.com/Application.aspx?AppID=853&LayerID=16691&PageTypeID=16&PageID=7411&Q=291215914,https://geo.btaa.org/?q=11b-39033,"-83.11274,40.70255,-82.72418,40.99694",County government records,,Crawford County
12b-17043,Illinois,DuPage County GIS,https://gisdata-dupage.opendata.arcgis.com,https://geo.btaa.org/?q=12b-17043,"-88.26318,41.68534,-87.91426,41.99403",County government records,,DuPage County
10b-55035,Wisconsin,Eau Claire County Geospatial Hub,https://hub-eccounty.hub.arcgis.com,https://geo.btaa.org/?q=10b-55035,"-91.5948,44.7561,-91.3679,44.8792",County government records,,Eau Claire County
11b-39091,Ohio,"Engineer's Office Maproom FTP for Logan County, Ohio",https://www.lceo.us/LOCO_ENG_FTP,https://geo.btaa.org/?q=11b-39091,"-84.01476,40.22937,-83.52004,40.53871",County government records,,Logan County
11b-39117,Ohio,"Enterprise GIS Data Download Page for Morrow County, Ohio",https://www.morrowgis.info/gis-data.html,https://geo.btaa.org/?q=11b-39117,"-83.02208,40.34508,-82.62361,40.71273",County government records,,Morrow County
10b-55039,Wisconsin,Fond du Lac County GIS Download,https://www.fdlco.wi.gov/departments/departments-f-m/land-information/data-download,https://geo.btaa.org/?q=10b-55039,"-88.88605,43.54284,-88.15989,43.93820",County government records,,Fond du Lac County
11b-39049,Ohio,"Franklin County Auditor, Ohio Open Data",https://auditor-fca.opendata.arcgis.com,https://geo.btaa.org/?q=11b-39049,"-83.26088,39.795,-82.76183,40.14309",County government records,,Franklin County
04b-24021,Maryland,Frederick County Open Data,https://gis-fcgmd.opendata.arcgis.com,https://geo.btaa.org/?q=04b-24021,"-77.67716,39.22027,-77.10672,39.72005",County government records,,Frederick County
10b-55125,Wisconsin,"Geodata Hub of Vilas County, WI",https://data-vilas.opendata.arcgis.com,https://geo.btaa.org/?q=10b-55125,"-89.152,46.119,-89.0627,46.1629",County government records,,Vilas County
11b-39113,Ohio,"GeoDataBase Files Downloads for Montgomery County, Ohio",http://www.mcauditor.org/downloads/gis_download_geodb.cfm,https://geo.btaa.org/?q=11b-39113,"-84.48565,39.57798,-84.05104,39.92297",County government records,,Montgomery County
10b-55003,Wisconsin,"GIS - Ashland County, WI",https://co.ashland.wi.us/gis,https://geo.btaa.org/?q=10b-55003,"-90.9283,45.9805,-89.9571,47.3098",County government records,,Ashland County
11b-39129,Ohio,"GIS and Map Data Downloads for Pickaway County, Ohio",https://www.pickaway.org/GIS_files/GIS.htm,https://geo.btaa.org/?q=11b-39129,"-83.26674,39.46806,-82.73152,39.8125",County government records,,Pickaway County
11b-39085,Ohio,"GIS Data Download for Lake County, Ohio",https://www.lakegis.org/GIS-Home/GIS-Data-Download,https://geo.btaa.org/?q=11b-39085,"-81.48893,41.56967,-81.00226,41.84882",County government records,,Lake County
11b-39021,Ohio,"GIS Data Downloads for Champaign County, Ohio",https://downloads.ddti.net/champaignoh,https://geo.btaa.org/?q=11b-39021,"-84.03607,40.01019,-83.4945,40.27346",County government records,,Champaign County
11b-39043,Ohio,"GIS Data Downloads for Erie County, Ohio",https://downloads.ddti.net/erieoh,https://geo.btaa.org/?q=11b-39043,"-82.95294,41.28355,-82.34231,41.49545",County government records,,Erie County
11b-39045,Ohio,"GIS Data Downloads for Fairfield County Auditor's Office, Ohio",https://www.co.fairfield.oh.us/gis,https://geo.btaa.org/?q=11b-39045,"-82.84295,39.55445,-82.36605,39.94116",County government records,,Fairfield County
11b-39055,Ohio,"GIS Data Downloads for Geauga County Auditor, Ohio",http://www.auditor.co.geauga.oh.us/GIS/Downloads,https://geo.btaa.org/?q=11b-39055,"-81.39194,41.34732,-81.00276,41.71514",County government records,,Geauga County
11b-39063,Ohio,"GIS Data Downloads for Hancock County, Ohio",https://downloads.ddti.net/hancockoh,https://geo.btaa.org/?q=11b-39063,"-83.88116,40.81813,-83.42032,41.16854",County government records,,Hancock County
11b-39087,Ohio,"GIS Data Downloads for Lawrence County, Ohio",https://downloads.ddti.net/lawrenceoh,https://geo.btaa.org/?q=11b-39087,"-82.81598,38.40342,-82.28727,38.84907",County government records,,Lawrence County
11b-39097,Ohio,"GIS Data Downloads for Madison County, Ohio",https://downloads.ddti.net/madisonoh,https://geo.btaa.org/?q=11b-39097,"-83.65339,39.69544,-83.20627,40.11149",County government records,,Madison County
11b-39103,Ohio,"GIS Data Downloads for Medina County, Ohio",http://www.gisdata.co.medina.oh.us,https://geo.btaa.org/?q=11b-39103,"-82.17337,40.9882,-81.68495,41.27725",County government records,,Medina County
10b-55079,Wisconsin,"GIS Data Downloads for Milwaukee County, WI",https://county.milwaukee.gov/EN/Administrative-Services/Land-Information-Office/GIS-Data-Downloads,https://geo.btaa.org/?q=10b-55079,"-88.0709,42.9208,-87.8636,43.1948",County government records,,Milwaukee County
11b-39119,Ohio,"GIS Data Downloads for Muskingum County, Ohio",https://downloads.ddti.net/muskingumoh,https://geo.btaa.org/?q=11b-39119,"-82.23397,39.75557,-81.6911,40.16688",County government records,,Muskingum County
11b-39133,Ohio,"GIS Data Downloads for Portage County, Ohio",https://www.co.portage.oh.us/geographic-information-systems/pages/data-downloads,https://geo.btaa.org/?q=11b-39133,"-81.39335,40.98778,-81.00169,41.34827",County government records,,Portage County
11b-39135,Ohio,"GIS Data Downloads for Preble County, Ohio",https://downloads.ddti.net/prebleoh,https://geo.btaa.org/?q=11b-39135,"-84.81516,39.5666,-84.4788,39.91849",County government records,,Preble County
04b-24035,Maryland,"GIS Data Downloads for Queen Anne's County, Maryland",http://www.qac.org/912/GIS-Data-Download,https://geo.btaa.org/?q=04b-24035,"-76.441877,38.803446,-75.747674,39.261941",County government records,,Queen Anne's County
11b-39165,Ohio,"GIS Data Downloads for Warren County, Ohio",https://www.co.warren.oh.us/warrengis/,https://geo.btaa.org/?q=11b-39165,"-84.36523,39.25507,-83.977,39.58949",County government records,,Warren County
11b-39167,Ohio,"GIS Data Downloads for Washington County, Ohio",https://downloads.ddti.net/washingtonoh,https://geo.btaa.org/?q=11b-39167,"-81.85367,39.21591,-81.03679,39.64598",County government records,,Washington County
11b-39157,Ohio,"GIS Data Store for Tuscarawas County, Ohio",https://www.co.tuscarawas.oh.us/GIS,https://geo.btaa.org/?q=11b-39157,"-81.71229,40.21425,-81.26474,40.66692",County government records,,Tuscarawas County
10b-55035,Wisconsin,"GIS Divison of Eau Claire County, WI",https://www.co.eau-claire.wi.us/our-government/departments-and-facilities/department-directory/planning-and-development/gis-division,https://geo.btaa.org/?q=10b-55035,"-91.5948,44.7561,-91.3679,44.8792",County government records,,Eau Claire County
11b-39089,Ohio,"GIS Downloads for Licking County, Ohio",https://www.lcounty.com/gis_downloads/default.htm,https://geo.btaa.org/?q=11b-39089,"-82.78249,39.91326,-82.18282,40.277",County government records,,Licking County
11b-39137,Ohio,"GIS Downloads for Putnam County, Ohio",http://www.putnamcountygis.com/Downloads/,https://geo.btaa.org/?q=11b-39137,"-84.39949,40.8591,-83.88042,41.16782",County government records,,Putnam County
10b-55087,Wisconsin,"GIS Maps and Property Information for Outagamie County, WI",https://www.outagamie.org/government/departments-a-e/development-and-land-services/gis-land-information,https://geo.btaa.org/?q=10b-55087,"-88.4517,44.2216,-88.343,44.3536",County government records,,Outagamie County
11b-39049-02,Ohio,"GIS Shapefiles for Franklin County Auditor, Ohio",ftp://apps.franklincountyauditor.com,https://geo.btaa.org/?q=11b-39049-02,"-83.26088,39.795,-82.76183,40.14309",County government records,,Franklin County
05b-27051,Minnesota,Grant County Open GIS Data,https://share-co-grant-mn-us.opendata.arcgis.com/,https://geo.btaa.org/?q=05b-27051,"-96.26648,45.75944,-95.75838,46.10863",County government records,,Grant County
10b-55043,Wisconsin,Grant County Web Portal,http://www.grantcountylandrecords.com/GCSWebPortal/Search.aspx,https://geo.btaa.org/?q=10b-55043,"-91.15689,42.50717,-90.42578,43.21157",County government records,,Grant County
10b-55045,Wisconsin,Green County GIS Download,https://wi-greencounty.civicplus.com/179/Downloadable-GIS-Data-Forms,https://geo.btaa.org/?q=10b-55045,"-89.83864,42.50008,-89.36580,42.85776",County government records,,Green County
01b-18057,Indiana,Hamilton County GIS Portal,https://gis1.hamiltoncounty.in.gov/portal/home,https://geo.btaa.org/?q=01b-18057,"-86.24274,39.92606,-85.86186,40.21894",County government records,,Hamilton County
01b-18057,Indiana,"Hamilton County, Indiana Open Data Collection",,https://geo.btaa.org/?q=01b-18057,"-86.24274,39.92606,-85.86186,40.21894",County government records,,Hamilton County
04b-24025,Maryland,Harford County Planning and Zoning Open GIS,https://planning-harfordgis.opendata.arcgis.com,https://geo.btaa.org/?q=04b-24025,"-76.56947,39.31061,-76.06509,39.7215",County government records,,Harford County
05b-27053,Minnesota,Hennepin County GIS Data,https://gis-hennepin.hub.arcgis.com/pages/open-data,https://geo.btaa.org/?q=05b-27053,"-93.7678,44.7853,-93.1772,45.24662",County government records,,Hennepin County
11b-39075,Ohio,Holmes County Public GIS Downloads,https://www.co.holmes.oh.us/gis-overview,https://geo.btaa.org/?q=11b-39075,"-82.22074,40.44387,-81.6492,40.66841",County government records,,Holmes County
04b-24027,Maryland,Howard County Open Data,https://data.howardcountymd.gov,https://geo.btaa.org/?q=04b-24027,"-77.18711,39.10314,-76.69644,39.36933",County government records,,Howard County
05b-27057,Minnesota,Hubbard County Open Geospatial Data,https://getdata-hubbardcounty.opendata.arcgis.com,https://geo.btaa.org/?q=05b-27057,"-95.18322,46.80372,-94.65837,47.41277",County government records,,Hubbard County
05b-27059,Minnesota,Isanti County GIS Data,https://www.co.isanti.mn.us/175/Geographic-Information-Systems-GIS,https://geo.btaa.org/?q=05b-27059,"-93.51368,45.41177,-93.01956,45.73433",County government records,,Isanti County
02b-17091,Illinois,Kankakee County GIS,http://www.k3gis.com,https://geo.btaa.org/?q=02b-17091,"-88.25199,40.99456,-87.5262,41.29805",County government records,,Kankakee County
02b-17093,Illinois,Kendall County GIS,https://www.kendallcountyil.gov/departments/geographic-information-systems,https://geo.btaa.org/?q=02b-17093,"-88.60362,41.45703,-88.2521,41.72465",County government records,,Kendall County
10b-55059,Wisconsin,"Kenosha County, WI GIS Open Data Portal",https://dataportal.kenoshacounty.org,https://geo.btaa.org/?q=10b-55059,"-87.997,42.5389,-87.8074,42.6394",County government records,,Kenosha County
10b-55065,Wisconsin,Lafayette County GIS Download,,https://geo.btaa.org/?q=10b-55065,"-90.42691,42.50565,-89.83723,42.81482",County government records,,Lafayette County
12b-17097,Illinois,Lake County Illinois Open Data Portal,https://data-lakecountyil.opendata.arcgis.com,https://geo.btaa.org/?q=12b-17097,"-88.19976,42.15229,-87.76057,42.49564",County government records,,Lake County
10b-55021,Wisconsin,"Land Information Department of Columbia County, WI",https://www.co.columbia.wi.us/columbiacounty/landinformation/LandInformation/tabid/757/Default.aspx,https://geo.btaa.org/?q=10b-55021,"-89.8186,43.6035,-89.739,43.6713",County government records,,Columbia County
10b-55111,Wisconsin,"Land Information of Sauk County, WI",https://www.co.sauk.wi.us/landinformation,https://geo.btaa.org/?q=10b-55111,"-90.3124,43.1453,-89.5993,43.6422",County government records,,Sauk County
10b-55021,Wisconsin,"Land Records Data Portal of Columbia County, WI",https://opendata-cclid.opendata.arcgis.com,https://geo.btaa.org/?q=10b-55021,"-89.8186,43.6035,-89.739,43.6713",County government records,,Columbia County
10b-55069,Wisconsin,Lincoln County GIS Download,https://maps.co.lincoln.wi.us/webapps/gisportal/data.html,https://geo.btaa.org/?q=10b-55069,"-90.04653,45.11910,-89.42423,45.55592",County government records,,Lincoln County
03b-19113,Iowa,"Linn County, Iowa Open Data Portal",http://opendata-linncounty-gis.opendata.arcgis.com,https://geo.btaa.org/?q=03b-19113,"-91.83526,41.85984,-91.36326,42.29906",County government records,,Linn County
11b-39093,Ohio,Lorain County GIS Data,https://data-loraingis.opendata.arcgis.com,https://geo.btaa.org/?q=11b-39093,"-82.34818,41.06354,-81.87696,41.51193",County government records,,Lorain County
02b-17117,Illinois,Macoupin Data,https://data.macoupincountyil.gov/,https://geo.btaa.org/?q=02b-17117,"-90.155457,38.998035,-89.69783,39.524227",County government records,,Macoupin County
10b-55073,Wisconsin,Marathon County GIS Download,https://www.co.marathon.wi.us/Departments/ConservationPlanningZoning/GEOServices/GeographicInformationSystem%28GIS%29/GISData.aspx,https://geo.btaa.org/?q=10b-55073,"-90.31698,44.68124,-89.22333,45.12061",County government records,,Marathon County
02b-17125,Illinois,"Mason County, Department of Assessment",https://www.masoncountyil.org/assessment.htm,https://geo.btaa.org/?q=02b-17125,"-90.35534,40.05089,-89.60119,40.436",County government records,,Mason County
12b-17113-2,Illinois,McLean County GIS,http://mcggis.maps.arcgis.com/home/index.html,https://geo.btaa.org/?q=12b-17113-2,"-89.2685,40.2813,-88.4576,40.7564",County government records,,McLean County
02b-17113,Illinois,McLean County GIS Consortium Open Data,http://www.mcgis.org/,https://geo.btaa.org/?q=02b-17113,"-89.2694,40.28092,-88.45921,40.75761",County government records,,McLean County
05b-27085,Minnesota,McLeod County GIS Data Downloads,https://www.mcleodcountymn.gov/departments/public_works/gis_(mapping___surveying)/index.php,https://geo.btaa.org/?q=05b-27085,"-94.85467,43.50012,-94.24712,43.84843",County government records,,McLeod County
10b-55079,Wisconsin,Milwaukee County GIS Download,https://gis-mclio.opendata.arcgis.com/,https://geo.btaa.org/?q=10b-55079,"-88.06995,42.84212,-87.81422,43.19258",County government records,,Milwaukee County
04b-24031,Maryland,Montgomery County GIS Open Data,https://data2018-mcgov-gis.opendata.arcgis.com,https://geo.btaa.org/?q=04b-24031,"-77.52768,38.93434,-76.8885,39.3535",County government records,,Montgomery County
08b-42091,Pennsylvania,Montgomery County Open Data,https://data-montcopa.opendata.arcgis.com,https://geo.btaa.org/?q=08b-42091,"-75.69678,39.97696,-75.01507,40.447",County government records,,Montgomery County
05b-27099,Minnesota,Mower County Open GIS Data,https://geospatial-hub-mowercountymn.hub.arcgis.com/pages/open-data,https://geo.btaa.org/?q=05b-27099,"-93.04960,43.49952,-92.44893,43.84877",County government records,,Mower County
06b-26125,Michigan,"Oakland County, MI Open data",http://accessoakland.oakgov.com,https://geo.btaa.org/?q=06b-26125,"-83.68944,42.43118,-83.08339,42.88865",County government records,,Oakland County
13b-31055,Nebraska,Omaha/Douglas County GIS Open Data Portal,https://data-dogis.opendata.arcgis.com/,https://geo.btaa.org/?q=13b-31055,"-96.473328,41.190247,-95.871141,41.394116",County government records,,Douglas County
10b-55085,Wisconsin,Oneida County GIS Download,https://oneida.ncwrpc.info/,https://geo.btaa.org/?q=10b-55085,"-90.04526,45.46444,-89.04638,45.90146",County government records,,Oneida County
05b-27111,Minnesota,Otter Tail County GIS Data Downloads,https://ottertailcountymn.us/content-page/gis-shapefile-downloads,https://geo.btaa.org/?q=05b-27111,"-96.28134,46.10649,-95.14567,46.71816",County government records,,Otter Tail County
10b-55087,Wisconsin,Outagamie County GIS Download,https://data-ocgis.opendata.arcgis.com/,https://geo.btaa.org/?q=10b-55087,"-90.04526,45.46444,-89.04638,45.90146",County government records,,Outagamie County
12b-17143,Illinois,Peoria County GIS Open Data Portal,https://data-peoriacountygis.opendata.arcgis.com,https://geo.btaa.org/?q=12b-17143,"-89.98902,40.51313,-89.44769,40.97509",County government records,,Peoria County
10b-55093,Wisconsin,Pierce County GIS Open Data Portal,https://data-piercecounty-wi.hub.arcgis.com,https://geo.btaa.org/?q=10b-55093,"-92.6502,44.8299,-92.5796,44.9023",County government records,,Pierce County
10b-55095,Wisconsin,Polk County GIS Download,https://www.co.polk.wi.us/index.asp?SEC=A94D4B49-F047-496F-A7B9-A259974E7E6F&Type=B_BASIC,https://geo.btaa.org/?q=10b-55095,"-92.88943,45.20918,-92.15444,45.72871",County government records,,Polk County
05b-27119,Minnesota,Polk County GIS Open Data,https://polkdata-pcg.opendata.arcgis.com,https://geo.btaa.org/?q=05b-27119,"-97.14751,47.49863,-95.55329,48.17411",County government records,,Polk County
05b-27121,Minnesota,Pope County Open Data,https://data-popecounty.opendata.arcgis.com,https://geo.btaa.org/?q=05b-27121,"-95.75886,45.4119,-95.13129,45.75993",County government records,,Pope County
10b-55097,Wisconsin,Portage County GIS Download,https://www.co.portage.wi.us/department/planning-zoning/land-information-gis/maps-and-gis-data,https://geo.btaa.org/?q=10b-55097,"-89.84529,44.24339,-89.22303,44.68587",County government records,,Portage County
03b-19155,Iowa,Pottawattamie County GIS Hub,https://gis.pottcounty-ia.gov/portal/apps/sites/#/hub,https://geo.btaa.org/?q=03b-19155,"-96.01954,41.15924,-95.15461,41.50696",County government records,,Pottawattamie County
04f-03,Maryland,Prince George's County GIS Open Data,http://gisdata.pgplanning.org/opendata,https://geo.btaa.org/?q=04f-03,"-77.07878,38.53537,-76.66951,39.13135",County government records,,Prince George's County
04b-24033,Maryland,Prince George's County Open Data Portal,https://data.princegeorgescountymd.gov,https://geo.btaa.org/?q=04b-24033,"-77.07878,38.53537,-76.66951,39.13135",County government records,,Prince George's County
11b-39099,Ohio,"Public FTP for Mahoning County, Ohio",https://gisapp.mahoningcountyoh.gov/Public_FTP_Folder,https://geo.btaa.org/?q=11b-39099,"-81.08673,40.89977,-80.51881,41.13448",County government records,,Mahoning County
10b-55101,Wisconsin,Racine County GIS Download,https://data.racinecounty.opendata.arcgis.com/,https://geo.btaa.org/?q=10b-55101,"-88.30806,42.61082,-87.77011,42.84361",County government records,,Racine County
10b-55101,Wisconsin,Racine County Land Information,https://www.arcgis.com/apps/PublicGallery/index.html?appid=b2972f78af4f43779929e08093e1a778,https://geo.btaa.org/?q=10b-55101,"-87.8757,42.678,-87.7599,42.7815",County government records,,Racine County
05b-27123,Minnesota,Ramsey County Open Data,https://data-ramseygis.opendata.arcgis.com,https://geo.btaa.org/?q=05b-27123,"-93.22812,44.8874,-92.98419,45.12453",County government records,,Ramsey County
05b-27127,Minnesota,Renville County Open GIS Data,https://hub-renvilleco.hub.arcgis.com/,https://geo.btaa.org/?q=05b-27127,"-95.48438,44.45599,-94.49773,44.89237",County government records,,Renville County
05b-27137,Minnesota,Saint Louis County GIS & Mapping,https://stlouiscountymndata-slcgis.opendata.arcgis.com,https://geo.btaa.org/?q=05b-27137,"-93.0966,46.6492,-91.7893,48.6316",County government records,,St. Louis County
13b-31153,Nebraska,Sarpy County GIS Portal,https://gis.sarpy.com/,https://geo.btaa.org/?q=13b-31153,"-96.339409,40.996357,-95.841616,41.191271",County government records,,Sarpy County
10b-55111,Wisconsin,Sauk County GIS Download,https://data.saukgis.opendata.arcgis.com/,https://geo.btaa.org/?q=10b-55111,"-90.31244,43.14529,-89.59934,43.64223",County government records,,Sauk County
03b-19163,Iowa,Scott County GIS Data,https://www.scottcountyiowa.com/it/data,https://geo.btaa.org/?q=03b-19163,"-90.89985,41.44963,-90.31267,41.77644",County government records,,Scott County
05b-27139,Minnesota,Scott County Open Data,https://opendata.gis.co.scott.mn.us,https://geo.btaa.org/?q=05b-27139,"-93.911652,44.544621,-93.278169,44.813927",County government records,,Scott County
11b-39047,Ohio,Seneca County GIS Data,http://downloads.ddti.net/SenecaOH,https://geo.btaa.org/?q=11b-39047,"-83.42122,40.991862,-82.829509,41.256809",County government records,,Seneca County
11b-39147,Ohio,Seneca County GIS Data Downloads,https://downloads.ddti.net/SenecaOH,https://geo.btaa.org/?q=11b-39147,"-83.4213,40.99189,-82.82951,41.2569",County government records,,Seneca County
10b-55117,Wisconsin,Sheboygan County GIS Download,https://data-shebco.opendata.arcgis.com/,https://geo.btaa.org/?q=10b-55117,"-88.16227,43.54235,-87.69622,43.89237",County government records,,Sheboygan County
05b-27141,Minnesota,Sherburne County Open Data,https://data-sherburnegis.opendata.arcgis.com,https://geo.btaa.org/?q=05b-27141,"-94.150151,45.245879,-93.5098,45.559991",County government records,,Sherburne County
11b-39015,Ohio,"Spatial Data for Brown County, Ohio",http://gis.browncountyengineer.org/gisweb/pages/downloads/BROWN-CO-DOWNLOADS.ASP,https://geo.btaa.org/?q=11b-39015,"-84.05271,38.6397,-83.67302,39.25424",County government records,,Brown County
10b-55109,Wisconsin,St. Croix County GIS Download,https://gis-scccdd.opendata.arcgis.com/,https://geo.btaa.org/?q=10b-55109,"-92.80312,44.85770,-92.13521,45.21042",County government records,,St. Croix County
04b-24037,Maryland,St Mary's County GIS Downloadable Layers,https://www.stmarysmd.com/it/gis/,https://geo.btaa.org/?q=04b-24037,"-76.86724,38.04384,-76.32051,38.51376",County government records,,St Mary's County
11b-39151,Ohio,Stark County GIS Data,http://opendata.starkcountyohio.gov,https://geo.btaa.org/?q=11b-39151,"-81.65005,40.63511,-81.08631,40.98872",County government records,,Stark County
05b-27145,Minnesota,Stearns County GIS Data for Download,https://stearns-county-gis-stearns.hub.arcgis.com,https://geo.btaa.org/?q=05b-27145,"-95.13986,45.2823,-94.04733,45.77532",County government records,,Stearns County
11b-39153,Ohio,Summit County GIS Data,https://data-summitgis.opendata.arcgis.com,https://geo.btaa.org/?q=11b-39153,"-81.68849,40.9065,-81.39153,41.35117",County government records,,Summit County
05b-27155,Minnesota,Traverse County Open GIS Data,https://data-traversecountymn.opendata.arcgis.com/,https://geo.btaa.org/?q=05b-27155,"-96.85683,45.58522,-96.25303,46.02203",County government records,,Traverse County
10b-55121,Wisconsin,Trempealeau County GIS Download,https://www.tremplocounty.com/tchome/landrecords/data.aspx,https://geo.btaa.org/?q=10b-55121,"-91.61299,43.98417,-91.15193,44.59705",County government records,,Trempealeau County
11b-39159,Ohio,Union County GIS Data,https://www7.co.union.oh.us/unionoh/,https://geo.btaa.org/?q=11b-39159,"-83.551329,40.106961,-83.16985,40.507131",County government records,,Union County
10b-55125,Wisconsin,Vilas County GIS Download,https://data-vilas.opendata.arcgis.com/,https://geo.btaa.org/?q=10b-55125,"-90.04396,45.85658,-88.93276,46.29975",County government records,,Vilas County
10b-55127,Wisconsin,Walworth County GIS Download,https://open-walco.opendata.arcgis.com/,https://geo.btaa.org/?q=10b-55127,"-88.77888,42.49191,-88.30469,42.84300",County government records,,Walworth County
10b-55129,Wisconsin,Washburn County GIS Download,https://www.co.washburn.wi.us/departments/land-info-surveyor-mapping/gis-data,https://geo.btaa.org/?q=10b-55129,"-92.05065,45.63760,-91.54017,46.15789",County government records,,Washburn County
10b-55131,Wisconsin,Washington County GIS Download,https://washingtoncowi.maps.arcgis.com/apps/MapSeries/index.html?appid=0db0dd8e8e9f4f51931a58ec26a5037a,https://geo.btaa.org/?q=10b-55131,"-88.41927,43.19176,-88.03998,43.54353",County government records,,Washington County
07b-26161,Michigan,"Washtenaw County, Michigan Open Data",https://data-washtenaw.opendata.arcgis.com,https://geo.btaa.org/?q=07b-26161,"-84.134079,42.071577,-83.539396,42.435184",County government records,,Washtenaw County
10b-55133,Wisconsin,Waukesha County GIS Download,https://data-waukeshacounty.opendata.arcgis.com/,https://geo.btaa.org/?q=10b-55133,"-88.54228,42.84192,-88.06335,43.19605",County government records,,Waukesha County
10b-55135,Wisconsin,Waupaca County GIS Download,https://data2017-04-05t135915451z-waupacacounty.opendata.arcgis.com/,https://geo.btaa.org/?q=10b-55135,"-89.22481,44.24256,-88.60503,44.68137",County government records,,Waupaca County
10b-55137,Wisconsin,Waushara County GIS Download,https://data-waushara.opendata.arcgis.com/,https://geo.btaa.org/?q=10b-55137,"-89.59812,43.98200,-88.88570,44.24573",County government records,,Waushara County
05b-27167,Minnesota,"Wilkin County, Minnesota Open Data",https://share-wilkinco.opendata.arcgis.com,https://geo.btaa.org/?q=05b-27167,"-96.79132,46.02153,-96.26465,46.63091",County government records,,Wilkin County
02b-17197,Illinois,Will County Data,https://www.willcountyillinois.com/County-Offices/Administration/GIS-Division/Data,https://geo.btaa.org/?q=02b-17197,"-88.26147,41.20155,-87.52559,41.72893",County government records,,Will County
10b-55141,Wisconsin,Wood County Open Data Portal,https://opendata.woodcogis.com/,https://geo.btaa.org/?q=10b-55141,"-89.59812,43.98200,-88.88570,44.24573",County government records,,Wood County
10b-55025,Wisconsin,The Capital Area Regional Planning Commission,https://data-carpc.opendata.arcgis.com,https://geo.btaa.org/?q=10b-55025,"-89.5667,42.9981,-89.2465,43.1721",County government records,,Dane County
11c-01,Ohio,"Open Data Cincinnati, Ohio",http://cagis.org/Opendata/?,https://geo.btaa.org/?q=11c-01,"-84.8203,39.02153,-84.25651,39.31206",County government records,,Hamilton County
04f-01,Pennsylvania,Delaware Valley Regional Planning Commission (DVRPC),https://dvrpc-dvrpcgis.opendata.arcgis.com,https://geo.btaa.org/?q=04f-01,"-77.13743,38.82985,-73.97125,41.09441",Intergovernment records,,
06f-01,Michigan,SEMCOG Open Data,http://maps-semcog.opendata.arcgis.com,https://geo.btaa.org/?q=06f-01,"-84.1581,41.7235,-82.4183,43.1689",Intergovernment records,,
08f-02,Pennsylvania,Susquehanna River Basin Commission,https://www.srbc.net/portals/susquehanna-atlas/data-and-maps/,https://geo.btaa.org/?q=08f-02,"-80.5211,39.7198,-74.6895,42.5147",Intergovernment records,,
08f-01,Pennsylvania,Western Pennsylvania Regional Data Center Open Data,http://www.wprdc.org,https://geo.btaa.org/?q=08f-01,"-80.5211,39.7198,-74.6895,42.5147",Intergovernment records,,
07c-02,Michigan,Ann Arbor Data Catalog,https://www.a2gov.org/services/data/Pages/default.aspx,https://geo.btaa.org/?q=07c-02,"-83.799572,42.222668,-83.675807,42.323971",Municipal government records,Ann Arbor,
11c-01-3,Ohio,"ArcGIS REST Services Directory for Cincinnati, Ohio",https://cagisonline.hamilton-co.org/arcgis/rest/services,https://geo.btaa.org/?q=11c-01-3,"-84.8203,39.02153,-84.25651,39.31206",Municipal government records,Cincinnati,
11c-01-2,Ohio,Cincinnati Area Geographic Information Systems (CAGIS) File Downloads,http://cagis.org/Opendata/?,https://geo.btaa.org/?q=11c-01-2,"-84.8203,39.02153,-84.25651,39.31206",Municipal government records,Cincinnati,
10c-02,Wisconsin,"City Maps of Hudson, WI",https://hudsonwi.gov/475/City-Maps,https://geo.btaa.org/?q=10c-02,"-92.7703,44.9388,-92.6905,44.9892",Municipal government records,Hudson,
04c-02,Maryland,City of Baltimore GIS Open Data,http://gis-baltimore.opendata.arcgis.com,https://geo.btaa.org/?q=04c-02,"-76.711298,39.197233,-76.529676,39.371971",Municipal government records,Baltimore,
01c-01,Indiana,"City of Bloomington, Indiana Open Data Portal",https://data.bloomington.in.gov,https://geo.btaa.org/?q=01c-01,"-86.59189,39.12133,-86.47113,39.22136",Municipal government records,Bloomington,
12c-01,Illinois,City of Chicago Data Portal,https://data.cityofchicago.org,https://geo.btaa.org/?q=12c-01,"-87.940101,41.643919,-87.523984,42.023022",Municipal government records,Chicago,
03c-01,Iowa,City of Des Moines GIS Data,https://www.dsm.city/city_of_des_moines_gis_data,https://geo.btaa.org/?q=03c-01,"-93.709175,41.479639,-93.493691,41.658911",Municipal government records,Des Moines,
04c-04,Maryland,City of Frederick GIS,https://www.cityoffrederick.com/523/SpiresGIS,https://geo.btaa.org/?q=04c-04,"-77.478087,39.392633,-77.359292,39.475677",Municipal government records,Frederick,
13c-02,Nebraska,City of Grand Island Public GIS Data Portal,https://data-cityofgi.opendata.arcgis.com/,https://geo.btaa.org/?q=13c-02,"-98.431455,40.854992,-98.288213,40.988881",Municipal government records,Grand Island,
10c-03,Wisconsin,"City of Madison, WI GIS Open Data Portal",https://data-cityofmadison.opendata.arcgis.com,https://geo.btaa.org/?q=10c-03,"-89.5667,42.9981,-89.2465,43.1721",Municipal government records,Madison,
05c-02,Minnesota,City of Saint Paul GIS Data,https://information.stpaul.gov,https://geo.btaa.org/?q=05c-02,"-93.207787,44.887281,-93.00432,44.992016",Municipal government records,Saint Paul,
03c-04,Iowa,City of Waterloo's Mapping and GIS Hub,https://waterlooia.maps.arcgis.com/home/index.html,https://geo.btaa.org/?q=03c-04,"-92.436821,42.421158,-92.248865,42.570487",Municipal government records,Waterloo,
12f-01,Illinois,CMAP (Chicago Metropolitan Agency for Planning) Data Hub,https://datahub.cmap.illinois.gov,https://geo.btaa.org/?q=12f-01,"-87.940101,41.643919,-87.523984,42.023022",Municipal government records,Chicago,
07c-01,Michigan,Detroit Open Data,https://data.detroitmi.gov,https://geo.btaa.org/?q=07c-01,"-83.287959,42.255192,-82.910439,42.450232",Municipal government records,Detroit,
07c-03,Michigan,"Grand Rapids, Michigan Open Data",https://grdata-grandrapids.opendata.arcgis.com,https://geo.btaa.org/?q=07c-03,"-85.751532,42.883648,-85.568646,43.029047",Municipal government records,Grand Rapids,
13c-01,Nebraska,Lincoln Open Data and Performance Management,https://data2-lincolnne.opendata.arcgis.com/,https://geo.btaa.org/?q=13c-01,"-96.80415,40.693767,-96.577307,40.900281",Municipal government records,Lincoln,
07c-04,Michigan,MapFlint Data Download,https://mapflint-umich.opendata.arcgis.com,https://geo.btaa.org/?q=07c-04,"-83.772285,42.945636,-83.620649,43.079336",Municipal government records,Flint,
05c-01,Minnesota,Minneapolis Open Data Hub,https://opendata.minneapolismn.gov,https://geo.btaa.org/?q=05c-01,"-93.329163,44.89015,-93.193858,45.05125",Municipal government records,Minneapolis,
04c-02-01,Maryland,Open Baltimore,https://data.baltimorecity.gov,https://geo.btaa.org/?q=04c-02-01,"-76.71129,39.19723,-76.52967,39.37197",Municipal government records,Baltimore,
04c-01,District of Columbia,Open Data DC,https://opendata.dc.gov,https://geo.btaa.org/?q=04c-01,"-77.11976,38.79164,-76.90915,38.99597",Municipal government records,Washington,
08c-01,Pennsylvania,OpenDataPhilly,https://www.opendataphilly.org,https://geo.btaa.org/?q=08c-01,"-75.280298,39.867005,-74.955831,40.137959",Municipal government records,Philadelphia,
01c-02,Indiana,OpenIndy Data Portal,http://data.indy.gov,https://geo.btaa.org/?q=01c-02,"-86.32815,39.63219,-85.93808,39.9275",Municipal government records,Indianapolis,
08c-01-2,Pennsylvania,PHLmaps,http://data-phl.opendata.arcgis.com,https://geo.btaa.org/?q=08c-01-2,"-75.280298,39.867005,-74.955832,40.13796",Municipal government records,Philadelphia,
09c-01,Indiana,"South Bend, IN Open Data",http://data-southbend.opendata.arcgis.com,https://geo.btaa.org/?q=09c-01,"-86.360748,41.59745,-86.191291,41.760267",Municipal government records,South Bend,
10c-04,Wisconsin,Wisconsin Rapids Online Map Portal,https://rapidsdata-wisconsinrapids.opendata.arcgis.com,https://geo.btaa.org/?q=10c-04,"-89.8727,44.3488,-89.7458,44.4273",Municipal government records,Wisconsin Rapids,
01b-18163,Indiana,"Evansville, Vanderburgh County, Indiana Open Data Collection",https://dev-evansvilleapc.opendata.arcgis.com,https://geo.btaa.org/?q=01b-18163,"-87.70076,37.82606,-87.44941,38.16842",Municipal government records,Evansville,
8856ec9a-47ac-4c79-bfba-643e97c0b62d,Pennsylvania,Center for Rural Pennsylvania Data Downloads,https://www.rural.pa.gov/home,https://geo.btaa.org/?q=8856ec9a-47ac-4c79-bfba-643e97c0b62d,"-80.5211,39.7198,-74.6897,42.5147",State government records,,
03a-06,Iowa,Election Data: Iowa,https://sos.iowa.gov/elections/otherinfo.html,https://geo.btaa.org/?q=03a-06,"-96.6395,40.3754,-90.1401,43.5012",State government records,,
11a-01,Ohio,GEOhio Spatial Data Discovery Portal,http://ogrip-geohio.opendata.arcgis.com,https://geo.btaa.org/?q=11a-01,"-84.82,38.4,-80.52,42.32",State government records,,
01d-02,Indiana,Indiana Spatial Data Portal,http://gis.iu.edu,https://geo.btaa.org/?q=01d-02,"-88.09789,37.77173,-84.78459,41.7607",State government records,,
09a-02,Indiana,Indiana Statewide LiDAR: 2011-2013,https://doi.org/10.5069/G9959FHZ,https://geo.btaa.org/?q=09a-02,"-88.0979,37.7717,-84.7846,41.7614",State government records,,
09a-03,Indiana,Indiana Statewide LiDAR: 2016-2019,https://lidar.jinha.org/,https://geo.btaa.org/?q=09a-03,"-88.0979,37.7717,-84.7846,41.7614",State government records,,
03a-01,Iowa,Interactive map of coal mines in Iowa,https://programs.iowadnr.gov/maps/coalmines/,https://geo.btaa.org/?q=03a-01,"-96.6397,40.3756,-90.1401,43.5011",State government records,,
03a-03,Iowa,Iowa Geodata,https://geodata.iowa.gov,https://geo.btaa.org/?q=03a-03,"-96.6397,40.3756,-90.1401,43.5011",State government records,,
03a-02,Iowa,IowaDOT Open Data,https://public-iowadot.opendata.arcgis.com,https://geo.btaa.org/?q=03a-02,"-96.63948,40.37544,-90.14006,43.5012",State government records,,
04a-01,Maryland,Maryland iMap,http://data.imap.maryland.gov,https://geo.btaa.org/?q=04a-01,"-79.4873,37.8866,-74.9852,39.7229",State government records,,
06a-02,Michigan,Michigan DNR Open Data Portal,https://gis-midnr.opendata.arcgis.com,https://geo.btaa.org/?q=06a-02,"-90.42,41.7,-82.12,48.31",State government records,,
05a-02,Minnesota,Minnesota Legislative Coordinating Commission - Geospatial Information (LCC-GIS),https://www.gis.leg.mn/html/download.html,https://geo.btaa.org/?q=05a-02,"-97.23909,43.49936,-89.58195,49.38436",State government records,,
13a-02,Nebraska,Natural Resources Data Bank,https://dnr.nebraska.gov/data,https://geo.btaa.org/?q=13a-02,"-104.1,40.0,-95.3,43.0",State government records,,
13a-03,Nebraska,Nebraska Department of Transportation Map Gallery,https://dot.nebraska.gov/travel/map-library/,https://geo.btaa.org/?q=13a-03,"-104.1,40.0,-95.3,43.0",State government records,,
13a-04,Nebraska,Nebraska Game & Parks Map and Data Portal,https://data-outdoornebraska.opendata.arcgis.com/,https://geo.btaa.org/?q=13a-04,"-104.1,40.0,-95.3,43.0",State government records,,
13a-01,Nebraska,NebraskaMap,https://www.nebraskamap.gov,https://geo.btaa.org/?q=13a-01,"-104.0535,40,-95.3081,43.0013",State government records,,
14a-01,New Jersey,New Jersey Geographic Information Network (NJGIN) Open Data Portal,https://njogis-newjersey.opendata.arcgis.com,https://geo.btaa.org/?q=14a-01,,State government records,,
11a-02,Ohio,Ohio Public Utilities Commission Maps and GIS Data Directory,https://www.puco.ohio.gov/utility-maps/maps-and-gis-data-directory/?dirPath=GIS_Data%2F,https://geo.btaa.org/?q=11a-02,"-84.8203,38.4031,-80.519,42.3232",State government records,,
11a-03,Ohio,Ohio Spatial Data Infrastructure Downloads,https://ogrip.oit.ohio.gov/ServicesData/GEOhioSpatialInformationPortal/OhioSpatialDataInfrastructure-Downloads.aspx,https://geo.btaa.org/?q=11a-03,"-84.8203,38.4031,-80.519,42.3232",State government records,,
08a-01,Pennsylvania,PASDA: The Pennsylvania Geospatial Data Clearinghouse,http://www.pasda.psu.edu,https://geo.btaa.org/?q=08a-01,"-80.5211,39.7198,-74.6895,42.5147",State government records,,
08a-02,Pennsylvania,Pennsylvania Department of Conservation and Natural Resources Open Data Portal,https://newdata-dcnr.opendata.arcgis.com,https://geo.btaa.org/?q=08a-02,"-80.5211,39.7198,-74.6897,42.5147",State government records,,
03a-05,Iowa,State Data Center of Iowa,https://www.iowadatacenter.org/,https://geo.btaa.org/?q=03a-05,"-96.6395,40.3754,-90.1401,43.5012",State government records,,
02a-03,Illinois,State of Illinois Data Portal,https://data.illinois.gov,https://geo.btaa.org/?q=02a-03,"-91.51,36.97,-87.02,42.51",State government records,,
06a-01,Michigan,State of Michigan Open Data Portal,http://gis-michigan.opendata.arcgis.com,https://geo.btaa.org/?q=06a-01,"-90.42,41.7,-82.12,48.31",State government records,,
05a-01,Minnesota,Minnesota Geospatial Commons,https://gisdata.mn.gov,https://geo.btaa.org/?q=05a-01,"-97.24,43.5,-89.48,49.38",State government records,,
